{
  "timestamp": "2025-09-22T15:18:05.703833",
  "duree_simulation_secondes": 40.83,
  "simulation_reussie": false,
  "temps_decouverte_homme_mer": null,
  "qui_a_trouve_homme_mer": null,
  "configuration": {
    "nombre_drones_surface": 5,
    "nombre_drones_aerien": 5,
    "spawn_position": [
      100,
      100
    ],
    "homme_a_la_mer_position": [
      434,
      584
    ],
    "nombre_obstacles": 57,
    "nombre_brouillages": 25,
    "pourcentage_brouillage_reel": 16.52
  },
  "resultats_globaux": {
    "creatures_totales": 10,
    "creatures_actives": 0,
    "creatures_epuisees": 10,
    "taux_epuisement": 100.0,
    "zones_explorees": 1593,
    "pourcentage_exploration": 15.8
  },
  "statistiques_communication": {
    "tentatives_totales": 26113,
    "communications_reussies": 46,
    "communications_echouees": 1356,
    "repartition_communications": {
      "surface_avec_surface": 10,
      "surface_avec_aerien": 26,
      "aerien_avec_aerien": 10
    },
    "taux_reussite_communication": 0.18,
    "communications_par_drone": 4.6,
    "drones_communicants": 10,
    "taux_drones_communicants": 100.0
  },
  "statistiques_drones_surface": {
    "nombre": 5,
    "epuisees": 5,
    "taux_epuisement": 100.0,
    "trajets_complets_total": 2,
    "trajets_par_creature": 0.4,
    "temps_trajet_moyen": 0.32,
    "distance_moyenne": 864.98,
    "zones_decouvertes_total": 927,
    "zones_decouverte_par_creature": 185.4,
    "vitesse_exploration": 22.7,
    "ont_trouve_homme_mer": 0,
    "taux_reussite_homme_mer": 0.0,
    "temps_moyen_decouverte_homme_mer": null,
    "communications_reussies (liens)": 46,
    "communications_par_creature": 9.2,
    "tentatives_totales": 15934,
    "communications_echouees": 499,
    "taux_reussite_communication": 0.29
  },
  "statistiques_drones_aerien": {
    "nombre": 5,
    "epuisees": 5,
    "taux_epuisement": 100.0,
    "trajets_complets_total": 1,
    "trajets_par_creature": 0.2,
    "temps_trajet_moyen": 0.33,
    "distance_moyenne": 822.23,
    "zones_decouvertes_total": 2071,
    "zones_decouverte_par_creature": 414.2,
    "vitesse_exploration": 50.72,
    "ont_trouve_homme_mer": 0,
    "taux_reussite_homme_mer": 0.0,
    "temps_moyen_decouverte_homme_mer": null,
    "communications_reussies (liens)": 46,
    "communications_par_creature": 9.2,
    "tentatives_totales": 10179,
    "communications_echouees": 857,
    "taux_reussite_communication": 0.45
  },
  "comparaison": {
    "efficacite_drones_surface": 185.4,
    "efficacite_drones_aerien": 414.2,
    "temps_decouverte_moyen_surface": null,
    "temps_decouverte_moyen_aerien": null,
    "taux_reussite_com_surface": 0.29,
    "taux_reussite_com_aerien": 0.45
  }
}