{
  "timestamp": "2025-09-22T15:18:21.468696",
  "duree_simulation_secondes": 20.57,
  "simulation_reussie": false,
  "temps_decouverte_homme_mer": null,
  "qui_a_trouve_homme_mer": null,
  "configuration": {
    "nombre_drones_surface": 5,
    "nombre_drones_aerien": 5,
    "spawn_position": [
      100,
      100
    ],
    "homme_a_la_mer_position": [
      903,
      138
    ],
    "nombre_obstacles": 64,
    "nombre_brouillages": 18,
    "pourcentage_brouillage_reel": 11.39
  },
  "resultats_globaux": {
    "creatures_totales": 10,
    "creatures_actives": 0,
    "creatures_epuisees": 10,
    "taux_epuisement": 100.0,
    "zones_explorees": 1665,
    "pourcentage_exploration": 16.52
  },
  "statistiques_communication": {
    "tentatives_totales": 24009,
    "communications_reussies": 46,
    "communications_echouees": 3159,
    "repartition_communications": {
      "surface_avec_surface": 10,
      "surface_avec_aerien": 26,
      "aerien_avec_aerien": 10
    },
    "taux_reussite_communication": 0.19,
    "communications_par_drone": 4.6,
    "drones_communicants": 10,
    "taux_drones_communicants": 100.0
  },
  "statistiques_drones_surface": {
    "nombre": 5,
    "epuisees": 5,
    "taux_epuisement": 100.0,
    "trajets_complets_total": 1,
    "trajets_par_creature": 0.2,
    "temps_trajet_moyen": 0.4,
    "distance_moyenne": 727.67,
    "zones_decouvertes_total": 754,
    "zones_decouverte_par_creature": 150.8,
    "vitesse_exploration": 36.66,
    "ont_trouve_homme_mer": 0,
    "taux_reussite_homme_mer": 0.0,
    "temps_moyen_decouverte_homme_mer": null,
    "communications_reussies (liens)": 46,
    "communications_par_creature": 9.2,
    "tentatives_totales": 13222,
    "communications_echouees": 2059,
    "taux_reussite_communication": 0.35
  },
  "statistiques_drones_aerien": {
    "nombre": 5,
    "epuisees": 5,
    "taux_epuisement": 100.0,
    "trajets_complets_total": 1,
    "trajets_par_creature": 0.2,
    "temps_trajet_moyen": 0.27,
    "distance_moyenne": 819.74,
    "zones_decouvertes_total": 2295,
    "zones_decouverte_par_creature": 459.0,
    "vitesse_exploration": 111.58,
    "ont_trouve_homme_mer": 0,
    "taux_reussite_homme_mer": 0.0,
    "temps_moyen_decouverte_homme_mer": null,
    "communications_reussies (liens)": 46,
    "communications_par_creature": 9.2,
    "tentatives_totales": 10787,
    "communications_echouees": 1100,
    "taux_reussite_communication": 0.43
  },
  "comparaison": {
    "efficacite_drones_surface": 150.8,
    "efficacite_drones_aerien": 459.0,
    "temps_decouverte_moyen_surface": null,
    "temps_decouverte_moyen_aerien": null,
    "taux_reussite_com_surface": 0.35,
    "taux_reussite_com_aerien": 0.43
  }
}