{
  "timestamp": "2025-09-22T15:18:45.968844",
  "duree_simulation_secondes": 60.0,
  "simulation_reussie": false,
  "temps_decouverte_homme_mer": null,
  "qui_a_trouve_homme_mer": null,
  "configuration": {
    "nombre_drones_surface": 5,
    "nombre_drones_aerien": 5,
    "spawn_position": [
      100,
      100
    ],
    "homme_a_la_mer_position": [
      757,
      347
    ],
    "nombre_obstacles": 63,
    "nombre_brouillages": 21,
    "pourcentage_brouillage_reel": 11.32
  },
  "resultats_globaux": {
    "creatures_totales": 10,
    "creatures_actives": 1,
    "creatures_epuisees": 9,
    "taux_epuisement": 90.0,
    "zones_explorees": 1727,
    "pourcentage_exploration": 17.13
  },
  "statistiques_communication": {
    "tentatives_totales": 29754,
    "communications_reussies": 46,
    "communications_echouees": 677,
    "repartition_communications": {
      "surface_avec_surface": 11,
      "surface_avec_aerien": 25,
      "aerien_avec_aerien": 10
    },
    "taux_reussite_communication": 0.15,
    "communications_par_drone": 4.6,
    "drones_communicants": 10,
    "taux_drones_communicants": 100.0
  },
  "statistiques_drones_surface": {
    "nombre": 5,
    "epuisees": 4,
    "taux_epuisement": 80.0,
    "trajets_complets_total": 4,
    "trajets_par_creature": 0.8,
    "temps_trajet_moyen": 0.31,
    "distance_moyenne": 967.01,
    "zones_decouvertes_total": 909,
    "zones_decouverte_par_creature": 181.8,
    "vitesse_exploration": 15.15,
    "ont_trouve_homme_mer": 0,
    "taux_reussite_homme_mer": 0.0,
    "temps_moyen_decouverte_homme_mer": null,
    "communications_reussies (liens)": 47,
    "communications_par_creature": 9.4,
    "tentatives_totales": 21165,
    "communications_echouees": 0,
    "taux_reussite_communication": 0.22
  },
  "statistiques_drones_aerien": {
    "nombre": 5,
    "epuisees": 5,
    "taux_epuisement": 100.0,
    "trajets_complets_total": 0,
    "trajets_par_creature": 0.0,
    "temps_trajet_moyen": 0,
    "distance_moyenne": 692.32,
    "zones_decouvertes_total": 2187,
    "zones_decouverte_par_creature": 437.4,
    "vitesse_exploration": 36.45,
    "ont_trouve_homme_mer": 0,
    "taux_reussite_homme_mer": 0.0,
    "temps_moyen_decouverte_homme_mer": null,
    "communications_reussies (liens)": 45,
    "communications_par_creature": 9.0,
    "tentatives_totales": 8589,
    "communications_echouees": 677,
    "taux_reussite_communication": 0.52
  },
  "comparaison": {
    "efficacite_drones_surface": 181.8,
    "efficacite_drones_aerien": 437.4,
    "temps_decouverte_moyen_surface": null,
    "temps_decouverte_moyen_aerien": null,
    "taux_reussite_com_surface": 0.22,
    "taux_reussite_com_aerien": 0.52
  }
}