{
  "timestamp": "2025-09-22T15:17:25.315969",
  "duree_simulation_secondes": 0.45,
  "simulation_reussie": false,
  "temps_decouverte_homme_mer": null,
  "qui_a_trouve_homme_mer": null,
  "configuration": {
    "nombre_drones_surface": 5,
    "nombre_drones_aerien": 5,
    "spawn_position": [
      100,
      100
    ],
    "homme_a_la_mer_position": [
      799,
      386
    ],
    "nombre_obstacles": 45,
    "nombre_brouillages": 25,
    "pourcentage_brouillage_reel": 15.61
  },
  "resultats_globaux": {
    "creatures_totales": 10,
    "creatures_actives": 0,
    "creatures_epuisees": 10,
    "taux_epuisement": 100.0,
    "zones_explorees": 1656,
    "pourcentage_exploration": 16.43
  },
  "statistiques_communication": {
    "tentatives_totales": 25394,
    "communications_reussies": 18,
    "communications_echouees": 14863,
    "repartition_communications": {
      "surface_avec_surface": 8,
      "surface_avec_aerien": 8,
      "aerien_avec_aerien": 2
    },
    "taux_reussite_communication": 0.07,
    "communications_par_drone": 1.8,
    "drones_communicants": 9,
    "taux_drones_communicants": 90.0
  },
  "statistiques_drones_surface": {
    "nombre": 5,
    "epuisees": 5,
    "taux_epuisement": 100.0,
    "trajets_complets_total": 0,
    "trajets_par_creature": 0.0,
    "temps_trajet_moyen": 0,
    "distance_moyenne": 605.36,
    "zones_decouvertes_total": 761,
    "zones_decouverte_par_creature": 152.2,
    "vitesse_exploration": 1685.5,
    "ont_trouve_homme_mer": 0,
    "taux_reussite_homme_mer": 0.0,
    "temps_moyen_decouverte_homme_mer": null,
    "communications_reussies (liens)": 24,
    "communications_par_creature": 4.8,
    "tentatives_totales": 15036,
    "communications_echouees": 8270,
    "taux_reussite_communication": 0.16
  },
  "statistiques_drones_aerien": {
    "nombre": 5,
    "epuisees": 5,
    "taux_epuisement": 100.0,
    "trajets_complets_total": 0,
    "trajets_par_creature": 0.0,
    "temps_trajet_moyen": 0,
    "distance_moyenne": 692.22,
    "zones_decouvertes_total": 2103,
    "zones_decouverte_par_creature": 420.6,
    "vitesse_exploration": 4657.84,
    "ont_trouve_homme_mer": 0,
    "taux_reussite_homme_mer": 0.0,
    "temps_moyen_decouverte_homme_mer": null,
    "communications_reussies (liens)": 12,
    "communications_par_creature": 2.4,
    "tentatives_totales": 10358,
    "communications_echouees": 6593,
    "taux_reussite_communication": 0.12
  },
  "comparaison": {
    "efficacite_drones_surface": 152.2,
    "efficacite_drones_aerien": 420.6,
    "temps_decouverte_moyen_surface": null,
    "temps_decouverte_moyen_aerien": null,
    "taux_reussite_com_surface": 0.16,
    "taux_reussite_com_aerien": 0.12
  }
}