{
  "timestamp": "2025-09-22T15:17:25.054987",
  "duree_simulation_secondes": 0.11,
  "simulation_reussie": true,
  "temps_decouverte_homme_mer": 0.11,
  "qui_a_trouve_homme_mer": "drone_aerien_7",
  "configuration": {
    "nombre_drones_surface": 5,
    "nombre_drones_aerien": 5,
    "spawn_position": [
      100,
      100
    ],
    "homme_a_la_mer_position": [
      194,
      151
    ],
    "nombre_obstacles": 41,
    "nombre_brouillages": 32,
    "pourcentage_brouillage_reel": 19.82
  },
  "resultats_globaux": {
    "creatures_totales": 10,
    "creatures_actives": 10,
    "creatures_epuisees": 0,
    "taux_epuisement": 0.0,
    "zones_explorees": 254,
    "pourcentage_exploration": 2.52
  },
  "statistiques_communication": {
    "tentatives_totales": 12094,
    "communications_reussies": 45,
    "communications_echouees": 2539,
    "repartition_communications": {
      "surface_avec_surface": 10,
      "surface_avec_aerien": 25,
      "aerien_avec_aerien": 10
    },
    "taux_reussite_communication": 0.37,
    "communications_par_drone": 4.5,
    "drones_communicants": 10,
    "taux_drones_communicants": 100.0
  },
  "statistiques_drones_surface": {
    "nombre": 5,
    "epuisees": 0,
    "taux_epuisement": 0.0,
    "trajets_complets_total": 0,
    "trajets_par_creature": 0.0,
    "temps_trajet_moyen": 0,
    "distance_moyenne": 39.79,
    "zones_decouvertes_total": 76,
    "zones_decouverte_par_creature": 15.2,
    "vitesse_exploration": 694.29,
    "ont_trouve_homme_mer": 0,
    "taux_reussite_homme_mer": 0.0,
    "temps_moyen_decouverte_homme_mer": null,
    "communications_reussies (liens)": 45,
    "communications_par_creature": 9.0,
    "tentatives_totales": 6312,
    "communications_echouees": 1271,
    "taux_reussite_communication": 0.71
  },
  "statistiques_drones_aerien": {
    "nombre": 5,
    "epuisees": 0,
    "taux_epuisement": 0.0,
    "trajets_complets_total": 0,
    "trajets_par_creature": 0.0,
    "temps_trajet_moyen": 0,
    "distance_moyenne": 79.68,
    "zones_decouvertes_total": 406,
    "zones_decouverte_par_creature": 81.2,
    "vitesse_exploration": 3708.94,
    "ont_trouve_homme_mer": 1,
    "taux_reussite_homme_mer": 20.0,
    "temps_moyen_decouverte_homme_mer": 0.11,
    "communications_reussies (liens)": 45,
    "communications_par_creature": 9.0,
    "tentatives_totales": 5782,
    "communications_echouees": 1268,
    "taux_reussite_communication": 0.78
  },
  "comparaison": {
    "efficacite_drones_surface": 15.2,
    "efficacite_drones_aerien": 81.2,
    "temps_decouverte_moyen_surface": null,
    "temps_decouverte_moyen_aerien": 0.11,
    "taux_reussite_com_surface": 0.71,
    "taux_reussite_com_aerien": 0.78
  }
}